<?xml version="1.0" encoding="utf-8"?>
<resources>
    <color name="purple_200">#FFBB86FC</color>
    <color name="purple_500">#FF6200EE</color>
    <color name="purple_700">#FF3700B3</color>
    <color name="teal_200">#FF03DAC5</color>
    <color name="teal_700">#FF018786</color>
    <color name="white">#FFFFFFFF</color>
    <color name="colorPrimary">#009688</color>
    <color name="colorPrimaryDark">#00796B</color>
    <color name="colorAccent">#FF4081</color>
    <color name="light_black">#504f4f</color>
    <color name="black">#000000</color>
    <color name="blue">#0737d4</color>
    <color name="gray_white">#FFFCFC</color>
    <color name="normal_blue">#59AAF1</color>
    <color name="dark_blue">#063098</color>
</resources>