<?xml version="1.0" encoding="utf-8"?>
<selector xmlns:android="http://schemas.android.com/apk/res/android" >
    <item android:state_pressed="true" >
        <shape android:shape="rectangle"  >
            <corners android:radius="10dp" />
            <stroke android:width="1dip" android:color="#FFFF" />
            <gradient android:angle="-90" android:startColor="#FFFF" android:endColor="#689a92"  />
        </shape>
    </item>
    <item android:state_focused="true">
        <shape android:shape="rectangle"  >
            <corners android:radius="10dp" />
            <stroke android:width="1dip" android:color="#FFFF" />
            <solid android:color="#FFFF"/>
        </shape>
    </item>
    <item >
        <shape android:shape="rectangle"
            >
            <corners android:radius="10dp"
                />
            <stroke android:width="1dip" android:color="#FFFF"
                />
            <gradient  android:angle="-90" android:startColor="#FFFF" android:endColor="#FFFF" />
        </shape>
    </item>
</selector>